"survey","trend","lci","uci","percent_change","p_ch_lci","p_ch_uci","prob_decline","prob_decline_GT30","prob_decline_GT50","prob_decline_GT70","BCR"
0,-5.48360589191075,-8.27845414407932,-2.77511518464359,-69.2484111972266,-83.7108403099344,-44.623411302681,0.999833333333333,0.996,0.949,0.465666666666667,NA
1,-0.0852656826386257,-1.77286227710751,1.44094182342208,-1.07510159788428,-31.315099646864,35.0450713596944,0.526333333333333,0.0305,0.00316666666666667,0.000333333333333333,NA
NA,7.41131229220178,0.420270388520177,15.2368158611247,334.495763778682,9.20665997932004,1865.24314654663,0.0165,0.00416666666666667,0.000833333333333333,0.000166666666666667,6
NA,3.38787764199433,-9.4096212753257,17.7215981489468,92.6753298952524,-87.4476795836713,2975.95520476998,0.320166666666667,0.233666666666667,0.169333333333333,0.093,11
NA,-0.0171949113063157,-2.04257831101278,1.81542979860764,0.746870841221847,-35.1687699811297,45.9101750717962,0.4855,0.0476666666666667,0.0065,5e-04,12
NA,1.04385996975686,-2.33233458839232,4.49425670002637,24.079552409618,-39.0790111672382,151.7334031847,0.2805,0.0563333333333333,0.00583333333333333,0,13
NA,-6.81626906556936,-16.0675370055357,2.93433788522619,-77.8832109818304,-97.4734408611227,83.5548196004442,0.921833333333333,0.863666666666667,0.781333333333333,0.617666666666667,14
NA,-1.2136101232354,-3.86980907473191,1.51576098381658,-22.8244658417758,-56.3427955958579,37.1522753511305,0.814166666666667,0.364666666666667,0.0695,0.000333333333333333,23
NA,-5.256635642654,-7.71291742875733,-2.91791069568615,-67.7267141711719,-81.4664225121214,-46.3065390395575,1,0.998833333333333,0.952833333333333,0.395166666666667,28
